<manifest alg="2" build="11" opt="true" iceEnabled="true" iceMarkupVersion="2" exportTarget="other" resolutions="1x" timestamp="1433243305914">
  <folder name="css">
    <file name="site_global.css" crc="422415861"/>
    <file name="index.css" crc="282187977" ref="index"/>
    <file name="iefonts_index.css" crc="495396694" ref="index"/>
    <file name="sign-up-1.css" crc="127303348" ref="sign-up-1"/>
    <file name="iefonts_sign-up-1.css" crc="3803030333" ref="sign-up-1"/>
    <file name="login.css" crc="4003666935" ref="login"/>
    <file name="iefonts_login.css" crc="4289636118" ref="login"/>
    <file name="homedesktop.css" crc="424285798" ref="homedesktop"/>
    <file name="application-screen.css" crc="108023267" ref="application-screen"/>
    <file name="iefonts_application-screen.css" crc="4171106324" ref="application-screen"/>
    <file name="desktop-version-prototype.css" crc="3791069332" ref="desktop-version-prototype"/>
    <file name="iefonts_desktop-version-prototype.css" crc="301265456" ref="desktop-version-prototype"/>
  </folder>
  <folder name="scripts">
    <file name="jquery-1.8.3.min.js" crc="3880902115" ref="phone>index:phone>signup:phone>login:index:sign-up-1:login:phone>register:phone>register2:phone>homepage:phone>register3:homedesktop:phone>homepage-search:phone>homepage-menu:phone>friends:phone>friends-search:phone>friends-menu:phone>chat:phone>feeds:phone>games:phone>games-search:phone>games-menu:phone>update-feeds:phone>homepage-tutorial:phone>games-new:phone>games-new-menu:phone>games-new-search:phone>starrymatt22:phone>kingswag:phone>gamergod:phone>crazyhatguy:phone>stormtrooper1:phone>madalien:phone>killer-kitten:phone>itz-zack:phone>kitley:phone>ted:phone>friend-requests:phone>qpr-alex:phone>rapture:phone>friend-requests-menu:phone>ijordang4:phone>switch-feeds:phone>game-feeds:phone>game-feeds-switch-feeds:phone>update-feeds-camera-roll:phone>update-feeds-image:phone>update-feeds-link-to-game:phone>update-feeds-linked:phone>feed-with-update:phone>game-feeds-2:application-screen:desktop-version-prototype:phone>create-message:phone>type-message:phone>madalienxo-chat:phone>starrymatt-chat:phone>starrymatt-profile"/>
    <file name="museutils.js" crc="521960461" ref="phone>index:phone>signup:phone>login:index:sign-up-1:login:phone>register:phone>register2:phone>homepage:phone>register3:homedesktop:phone>homepage-search:phone>homepage-menu:phone>friends:phone>friends-search:phone>friends-menu:phone>chat:phone>feeds:phone>games:phone>games-search:phone>games-menu:phone>update-feeds:phone>homepage-tutorial:phone>games-new:phone>games-new-menu:phone>games-new-search:phone>starrymatt22:phone>kingswag:phone>gamergod:phone>crazyhatguy:phone>stormtrooper1:phone>madalien:phone>killer-kitten:phone>itz-zack:phone>kitley:phone>ted:phone>friend-requests:phone>qpr-alex:phone>rapture:phone>friend-requests-menu:phone>ijordang4:phone>switch-feeds:phone>game-feeds:phone>game-feeds-switch-feeds:phone>update-feeds-camera-roll:phone>update-feeds-image:phone>update-feeds-link-to-game:phone>update-feeds-linked:phone>feed-with-update:phone>game-feeds-2:application-screen:desktop-version-prototype:phone>create-message:phone>type-message:phone>madalienxo-chat:phone>starrymatt-chat:phone>starrymatt-profile"/>
    <file name="webpro.js" crc="220831917" ref="phone>index:phone>signup:phone>login:index:sign-up-1:login:phone>register:phone>register2:phone>register3:phone>homepage-search:phone>friends-search:phone>games-search:phone>homepage-tutorial:phone>games:phone>games-new:phone>friends:phone>games-new-menu:phone>games-menu:phone>games-new-search:phone>starrymatt22:phone>kingswag:phone>gamergod:phone>crazyhatguy:phone>stormtrooper1:phone>madalien:phone>killer-kitten:phone>itz-zack:phone>kitley:phone>ted:phone>qpr-alex:phone>rapture:phone>friends-menu:phone>friend-requests-menu:phone>ijordang4:phone>update-feeds:phone>update-feeds-image:phone>update-feeds-link-to-game:phone>update-feeds-linked:application-screen:desktop-version-prototype:phone>type-message:phone>madalienxo-chat:phone>friend-requests:phone>starrymatt-chat"/>
    <file name="musewpslideshow.js" crc="224651946" ref="phone>index:phone>signup:phone>login:phone>register:phone>register2:phone>register3:phone>homepage-tutorial:application-screen"/>
    <file name="jquery.museoverlay.js" crc="276313855" ref="phone>index:phone>signup:phone>login:phone>register:phone>register2:phone>register3:phone>homepage-tutorial:application-screen"/>
    <file name="touchswipe.js" crc="325405309" ref="phone>index:phone>signup:phone>login:phone>register:phone>register2:phone>register3:phone>homepage-tutorial:application-screen"/>
    <file name="pie.js" crc="3827607177" ref="phone>index:phone>signup:phone>login:index:sign-up-1:login:phone>register:phone>register2:phone>register3:phone>homepage-search:phone>homepage-menu:phone>friends-search:phone>friends-menu:phone>games-search:phone>games-menu:phone>homepage:phone>update-feeds:phone>homepage-tutorial:phone>games:phone>games-new:phone>friends:phone>games-new-menu:phone>games-new-search:phone>starrymatt22:phone>kingswag:phone>gamergod:phone>crazyhatguy:phone>stormtrooper1:phone>madalien:phone>killer-kitten:phone>itz-zack:phone>kitley:phone>ted:phone>friend-requests:phone>qpr-alex:phone>rapture:phone>friend-requests-menu:phone>ijordang4:phone>feeds:phone>switch-feeds:phone>game-feeds:phone>game-feeds-switch-feeds:phone>update-feeds-image:phone>update-feeds-link-to-game:phone>update-feeds-linked:phone>feed-with-update:phone>game-feeds-2:application-screen:desktop-version-prototype:phone>chat:phone>create-message:phone>madalienxo-chat:phone>starrymatt-chat:phone>starrymatt-profile"/>
    <file name="jquery.watch.js" crc="56779320" ref="phone>index:phone>signup:phone>login:index:sign-up-1:login:phone>register:phone>register2:phone>homepage:phone>register3:homedesktop:phone>homepage-search:phone>homepage-menu:phone>friends:phone>friends-search:phone>friends-menu:phone>chat:phone>feeds:phone>games:phone>games-search:phone>games-menu:phone>update-feeds:phone>homepage-tutorial:phone>games-new:phone>games-new-menu:phone>games-new-search:phone>starrymatt22:phone>kingswag:phone>gamergod:phone>crazyhatguy:phone>stormtrooper1:phone>madalien:phone>killer-kitten:phone>itz-zack:phone>kitley:phone>ted:phone>friend-requests:phone>qpr-alex:phone>rapture:phone>friend-requests-menu:phone>ijordang4:phone>switch-feeds:phone>game-feeds:phone>game-feeds-switch-feeds:phone>update-feeds-camera-roll:phone>update-feeds-image:phone>update-feeds-link-to-game:phone>update-feeds-linked:phone>feed-with-update:phone>game-feeds-2:application-screen:desktop-version-prototype:phone>create-message:phone>type-message:phone>madalienxo-chat:phone>starrymatt-chat:phone>starrymatt-profile"/>
    <file name="form_check.php" crc="218543696" ref="phone>signup:phone>login:index:sign-up-1:login:phone>register2:phone>register3:phone>homepage-search:phone>friends-search:phone>games-search:phone>games:phone>games-new:phone>friends:phone>games-new-menu:phone>games-menu:phone>games-new-search:phone>starrymatt22:phone>kingswag:phone>gamergod:phone>crazyhatguy:phone>stormtrooper1:phone>madalien:phone>killer-kitten:phone>itz-zack:phone>kitley:phone>ted:phone>qpr-alex:phone>rapture:phone>friends-menu:phone>friend-requests-menu:phone>ijordang4:phone>update-feeds:phone>update-feeds-image:phone>update-feeds-link-to-game:phone>update-feeds-linked:desktop-version-prototype:phone>type-message:phone>madalienxo-chat:phone>friend-requests:phone>starrymatt-chat"/>
    <file name="form_throttle.php" crc="3988545917" ref="phone>signup:phone>login:index:sign-up-1:login:phone>register2:phone>register3:phone>homepage-search:phone>friends-search:phone>games-search:phone>games:phone>games-new:phone>friends:phone>games-new-menu:phone>games-menu:phone>games-new-search:phone>starrymatt22:phone>kingswag:phone>gamergod:phone>crazyhatguy:phone>stormtrooper1:phone>madalien:phone>killer-kitten:phone>itz-zack:phone>kitley:phone>ted:phone>qpr-alex:phone>rapture:phone>friends-menu:phone>friend-requests-menu:phone>ijordang4:phone>update-feeds:phone>update-feeds-image:phone>update-feeds-link-to-game:phone>update-feeds-linked:desktop-version-prototype:phone>type-message:phone>madalienxo-chat:phone>friend-requests:phone>starrymatt-chat"/>
    <file name="form_process.php" crc="4264751530" ref="phone>signup:phone>login:index:sign-up-1:login:phone>register2:phone>register3:phone>homepage-search:phone>friends-search:phone>games-search:phone>games:phone>games-new:phone>friends:phone>games-new-menu:phone>games-menu:phone>games-new-search:phone>starrymatt22:phone>kingswag:phone>gamergod:phone>crazyhatguy:phone>stormtrooper1:phone>madalien:phone>killer-kitten:phone>itz-zack:phone>kitley:phone>ted:phone>qpr-alex:phone>rapture:phone>friends-menu:phone>friend-requests-menu:phone>ijordang4:phone>update-feeds:phone>update-feeds-image:phone>update-feeds-link-to-game:phone>update-feeds-linked:desktop-version-prototype:phone>type-message:phone>madalienxo-chat:phone>friend-requests:phone>starrymatt-chat"/>
    <file name="form-u917.php" crc="4160677898" ref="phone>signup"/>
    <file name="form-u1252.php" crc="436034618" ref="phone>login"/>
    <file name="museredirect.js" crc="4117159434" ref="index:login"/>
    <file name="form-u151.php" crc="4023606786" ref="index"/>
    <file name="jquery.musepolyfill.bgsize.js" crc="349594875" ref="index:login:phone>homepage:phone>homepage-search:phone>homepage-menu:phone>friends:phone>friends-search:phone>friends-menu:phone>chat:phone>feeds:phone>games:phone>games-search:phone>games-menu:phone>update-feeds:phone>homepage-tutorial:phone>games-new:phone>games-new-menu:phone>games-new-search:phone>starrymatt22:phone>kingswag:phone>gamergod:phone>crazyhatguy:phone>stormtrooper1:phone>madalien:phone>killer-kitten:phone>itz-zack:phone>kitley:phone>ted:phone>friend-requests:phone>qpr-alex:phone>rapture:phone>friend-requests-menu:phone>ijordang4:phone>switch-feeds:phone>game-feeds:phone>game-feeds-switch-feeds:phone>update-feeds-camera-roll:phone>update-feeds-image:phone>update-feeds-link-to-game:phone>update-feeds-linked:phone>feed-with-update:phone>game-feeds-2:application-screen:desktop-version-prototype:phone>create-message:phone>type-message:phone>madalienxo-chat:phone>starrymatt-chat:phone>starrymatt-profile"/>
    <file name="form-u460.php" crc="388828160" ref="sign-up-1"/>
    <file name="form-u519.php" crc="330701171" ref="sign-up-1"/>
    <file name="form-u604.php" crc="404257021" ref="sign-up-1"/>
    <file name="form-u536.php" crc="349094325" ref="sign-up-1"/>
    <file name="form-u338.php" crc="448539044" ref="login"/>
    <file name="form-u1988.php" crc="42787460" ref="phone>register2"/>
    <file name="form-u2108.php" crc="155826287" ref="phone>register3"/>
    <file name="form-u2026.php" crc="237127054" ref="phone>register3"/>
    <file name="jquery.scrolleffects.js" crc="4038615763" ref="phone>homepage:phone>homepage-search:phone>homepage-menu:phone>friends:phone>friends-search:phone>friends-menu:phone>chat:phone>feeds:phone>games:phone>games-search:phone>games-menu:phone>update-feeds:phone>homepage-tutorial:phone>games-new:phone>games-new-menu:phone>games-new-search:phone>starrymatt22:phone>kingswag:phone>gamergod:phone>crazyhatguy:phone>stormtrooper1:phone>madalien:phone>killer-kitten:phone>itz-zack:phone>kitley:phone>ted:phone>friend-requests:phone>qpr-alex:phone>rapture:phone>friend-requests-menu:phone>ijordang4:phone>switch-feeds:phone>game-feeds:phone>game-feeds-switch-feeds:phone>update-feeds-camera-roll:phone>update-feeds-image:phone>update-feeds-link-to-game:phone>update-feeds-linked:phone>feed-with-update:phone>game-feeds-2:phone>create-message:phone>type-message:phone>madalienxo-chat:phone>starrymatt-chat:phone>starrymatt-profile"/>
    <file name="form-u3451.php" crc="386842943" ref="phone>friends-search"/>
    <file name="form-u4544.php" crc="502063959" ref="phone>games"/>
    <file name="form-u4742.php" crc="4191350109" ref="phone>games-new"/>
    <file name="form-u5353.php" crc="4291443655" ref="phone>friends"/>
    <file name="form-u4865.php" crc="4267404460" ref="phone>games-new-menu"/>
    <file name="form-u5036.php" crc="496042159" ref="phone>games-menu"/>
    <file name="form-u5201.php" crc="4274448622" ref="phone>games-new-search"/>
    <file name="form-u5092.php" crc="42878014" ref="phone>games-new-search"/>
    <file name="form-u5330.php" crc="4282302502" ref="phone>games-search"/>
    <file name="form-u5284.php" crc="316015114" ref="phone>games-search"/>
    <file name="form-u5652.php" crc="261392392" ref="phone>starrymatt22"/>
    <file name="form-u5719.php" crc="4031745438" ref="phone>kingswag"/>
    <file name="form-u5822.php" crc="3905744168" ref="phone>gamergod"/>
    <file name="form-u5938.php" crc="4023486124" ref="phone>crazyhatguy"/>
    <file name="form-u6031.php" crc="4236093337" ref="phone>stormtrooper1"/>
    <file name="form-u6164.php" crc="78539869" ref="phone>madalien"/>
    <file name="form-u6280.php" crc="448026125" ref="phone>killer-kitten"/>
    <file name="form-u6350.php" crc="227807871" ref="phone>itz-zack"/>
    <file name="form-u6467.php" crc="3934776184" ref="phone>kitley"/>
    <file name="form-u6564.php" crc="396588552" ref="phone>ted"/>
    <file name="form-u6898.php" crc="373208696" ref="phone>qpr-alex"/>
    <file name="form-u6980.php" crc="528245558" ref="phone>rapture"/>
    <file name="form-u7139.php" crc="4085641784" ref="phone>friends-menu"/>
    <file name="form-u7277.php" crc="4070395479" ref="phone>friend-requests-menu"/>
    <file name="form-u7473.php" crc="3982053160" ref="phone>ijordang4"/>
    <file name="form-u8303.php" crc="3953749180" ref="phone>update-feeds"/>
    <file name="form-u8494.php" crc="3908841693" ref="phone>update-feeds-image"/>
    <file name="form-u8824.php" crc="244667348" ref="phone>update-feeds-link-to-game"/>
    <file name="form-u8972.php" crc="4223567123" ref="phone>update-feeds-linked"/>
    <file name="jquery.musemenu.js" crc="397543671" ref="desktop-version-prototype"/>
    <file name="form-u9924.php" crc="389173598" ref="desktop-version-prototype"/>
    <file name="html5shiv.js" crc="4241844378" ref="desktop-version-prototype"/>
    <file name="form-u10529.php" crc="4053764936" ref="phone>type-message"/>
    <file name="form-u10682.php" crc="429631454" ref="phone>madalienxo-chat"/>
    <file name="form-u10707.php" crc="4032849248" ref="phone>friend-requests"/>
    <file name="form-u10732.php" crc="247451664" ref="phone>starrymatt-chat"/>
    <file name="form-u11204.php" crc="81890001" ref="phone>homepage-search"/>
  </folder>
  <folder name="images">
    <file name="borderlands.jpg" crc="4068766230" ref="phone>index:phone>signup:phone>login:phone>register:phone>register2:phone>register3"/>
    <file name="blank.gif" crc="4208392903" ref="phone>index:phone>signup:phone>login:phone>register:phone>register2:phone>register3:phone>homepage-tutorial:application-screen"/>
    <file name="sunset overdrive.jpg" crc="3842250136" ref="phone>index:phone>signup:phone>login:phone>register:phone>register2:phone>register3"/>
    <file name="eso.jpg" crc="4159026668" ref="phone>index:phone>signup:phone>login:phone>register:phone>register2:phone>register3"/>
    <file name="halo.jpg" crc="3821183170" ref="phone>index:phone>signup:phone>login:phone>register:phone>register2:phone>register3"/>
    <file name="loading.gif" crc="3815509949" ref="phone>index:phone>signup:phone>login:phone>register:phone>register2:phone>register3:phone>homepage-tutorial:application-screen"/>
    <file name="possible logo.png" crc="440002853" ref="phone>index:phone>signup:phone>login:index:login:phone>register:phone>register2:phone>register3:application-screen:desktop-version-prototype"/>
    <file name="u933-17.png" crc="4169117112" ref="phone>signup"/>
    <file name="u933-17-r.png" crc="4169117112" ref="phone>signup"/>
    <file name="u933-17-m.png" crc="4169117112" ref="phone>signup"/>
    <file name="u933-17-fs.png" crc="4169117112" ref="phone>signup"/>
    <file name="u1264-17.png" crc="4169117112" ref="phone>login"/>
    <file name="u1264-17-r.png" crc="4169117112" ref="phone>login"/>
    <file name="u1264-17-m.png" crc="4169117112" ref="phone>login"/>
    <file name="u1264-17-fs.png" crc="4169117112" ref="phone>login"/>
    <file name="u162-17.png" crc="4186765863" ref="index"/>
    <file name="u162-17-r.png" crc="4186765863" ref="index"/>
    <file name="u162-17-m.png" crc="28635175" ref="index"/>
    <file name="u162-17-fs.png" crc="267104916" ref="index"/>
    <file name="down arrow-u270-r-fr.png" crc="24538039" ref="index:login"/>
    <file name="down arrow.png" crc="302268870" ref="index:login"/>
    <file name="eso 2.jpg" crc="4243635174" ref="index:login"/>
    <file name="u461-17.png" crc="3890105846" ref="sign-up-1"/>
    <file name="u461-17-r.png" crc="323970494" ref="sign-up-1"/>
    <file name="u461-17-m.png" crc="4180650622" ref="sign-up-1"/>
    <file name="u461-17-fs.png" crc="3842142829" ref="sign-up-1"/>
    <file name="u531-17.png" crc="4216851169" ref="sign-up-1"/>
    <file name="u531-17-r.png" crc="351815386" ref="sign-up-1"/>
    <file name="u531-17-m.png" crc="3854839944" ref="sign-up-1"/>
    <file name="u531-17-fs.png" crc="3827991331" ref="sign-up-1"/>
    <file name="u606-17.png" crc="283487576" ref="sign-up-1"/>
    <file name="u606-17-r.png" crc="3832635469" ref="sign-up-1"/>
    <file name="u606-17-m.png" crc="19326330" ref="sign-up-1"/>
    <file name="u606-17-fs.png" crc="3760310767" ref="sign-up-1"/>
    <file name="u548-17.png" crc="283487576" ref="sign-up-1"/>
    <file name="u548-17-r.png" crc="3832635469" ref="sign-up-1"/>
    <file name="u548-17-m.png" crc="19326330" ref="sign-up-1"/>
    <file name="u548-17-fs.png" crc="3760310767" ref="sign-up-1"/>
    <file name="u349-17.png" crc="532187528" ref="login"/>
    <file name="u349-17-r.png" crc="532199041" ref="login"/>
    <file name="u349-17-m.png" crc="513953023" ref="login"/>
    <file name="u349-17-fs.png" crc="479266075" ref="login"/>
    <file name="games.png" crc="4084295161" ref="phone>homepage:phone>homepage-search:phone>homepage-menu:phone>friends:phone>friends-search:phone>friends-menu:phone>chat:phone>feeds:phone>games:phone>games-search:phone>games-menu:phone>update-feeds:phone>homepage-tutorial:phone>games-new:phone>games-new-menu:phone>games-new-search:phone>starrymatt22:phone>kingswag:phone>gamergod:phone>crazyhatguy:phone>stormtrooper1:phone>madalien:phone>killer-kitten:phone>itz-zack:phone>kitley:phone>ted:phone>friend-requests:phone>qpr-alex:phone>rapture:phone>friend-requests-menu:phone>ijordang4:phone>switch-feeds:phone>game-feeds:phone>game-feeds-switch-feeds:phone>update-feeds-camera-roll:phone>update-feeds-image:phone>update-feeds-link-to-game:phone>update-feeds-linked:phone>feed-with-update:phone>game-feeds-2:phone>create-message:phone>type-message:phone>madalienxo-chat:phone>starrymatt-chat:phone>starrymatt-profile"/>
    <file name="3 bars.png" crc="180158683" ref="phone>homepage:phone>homepage-menu:phone>friends:phone>friends-menu:phone>chat:phone>feeds:phone>games:phone>games-menu:phone>update-feeds:phone>homepage-tutorial:phone>games-new:phone>games-new-menu:phone>starrymatt22:phone>kingswag:phone>gamergod:phone>crazyhatguy:phone>stormtrooper1:phone>madalien:phone>killer-kitten:phone>itz-zack:phone>kitley:phone>ted:phone>friend-requests:phone>qpr-alex:phone>rapture:phone>friend-requests-menu:phone>ijordang4:phone>switch-feeds:phone>game-feeds:phone>game-feeds-switch-feeds:phone>update-feeds-image:phone>update-feeds-link-to-game:phone>update-feeds-linked:phone>feed-with-update:phone>game-feeds-2:phone>create-message:phone>type-message:phone>madalienxo-chat:phone>starrymatt-chat:phone>starrymatt-profile"/>
    <file name="games2.png" crc="4273592715" ref="phone>homepage:phone>homepage-search:phone>homepage-menu:phone>friends:phone>friends-search:phone>friends-menu:phone>chat:phone>feeds:phone>games:phone>games-search:phone>games-menu:phone>update-feeds:phone>homepage-tutorial:phone>games-new:phone>games-new-menu:phone>games-new-search:phone>friend-requests:phone>qpr-alex:phone>rapture:phone>friend-requests-menu:phone>switch-feeds:phone>game-feeds:phone>game-feeds-switch-feeds:phone>update-feeds-image:phone>update-feeds-linked:phone>feed-with-update:phone>game-feeds-2:phone>starrymatt-profile"/>
    <file name="chat icon.png" crc="146684165" ref="phone>homepage:phone>homepage-search:phone>homepage-menu:phone>friends:phone>friends-search:phone>friends-menu:phone>chat:phone>feeds:phone>games:phone>games-search:phone>games-menu:phone>update-feeds:phone>homepage-tutorial:phone>games-new:phone>games-new-menu:phone>games-new-search:phone>friend-requests:phone>qpr-alex:phone>rapture:phone>friend-requests-menu:phone>switch-feeds:phone>game-feeds:phone>game-feeds-switch-feeds:phone>update-feeds-image:phone>update-feeds-linked:phone>feed-with-update:phone>game-feeds-2:phone>starrymatt-profile"/>
    <file name="u1998-17.png" crc="4169117112" ref="phone>register2"/>
    <file name="u1998-17-r.png" crc="4169117112" ref="phone>register2"/>
    <file name="u1998-17-m.png" crc="4169117112" ref="phone>register2"/>
    <file name="u1998-17-fs.png" crc="4169117112" ref="phone>register2"/>
    <file name="u2124-17.png" crc="3869890333" ref="phone>register3"/>
    <file name="u2124-17-r.png" crc="164213213" ref="phone>register3"/>
    <file name="u2124-17-m.png" crc="19326330" ref="phone>register3"/>
    <file name="u2124-17-fs.png" crc="3869890333" ref="phone>register3"/>
    <file name="u2032-17.png" crc="4169117112" ref="phone>register3"/>
    <file name="u2032-17-r.png" crc="4169117112" ref="phone>register3"/>
    <file name="u2032-17-m.png" crc="4169117112" ref="phone>register3"/>
    <file name="u2032-17-fs.png" crc="4169117112" ref="phone>register3"/>
    <file name="home.png" crc="286070209" ref="phone>homepage:phone>homepage-search:phone>homepage-menu:phone>friends:phone>friends-search:phone>friends-menu:phone>chat:phone>feeds:phone>games:phone>games-search:phone>games-menu:phone>update-feeds:phone>homepage-tutorial:phone>games-new:phone>games-new-menu:phone>games-new-search:phone>friend-requests:phone>qpr-alex:phone>rapture:phone>friend-requests-menu:phone>switch-feeds:phone>game-feeds:phone>game-feeds-switch-feeds:phone>update-feeds-image:phone>update-feeds-linked:phone>feed-with-update:phone>game-feeds-2:phone>starrymatt-profile"/>
    <file name="game-feed.png" crc="4149385905" ref="phone>homepage:phone>homepage-search:phone>homepage-menu:phone>friends:phone>friends-search:phone>friends-menu:phone>chat:phone>feeds:phone>games:phone>games-search:phone>games-menu:phone>update-feeds:phone>homepage-tutorial:phone>games-new:phone>games-new-menu:phone>games-new-search:phone>friend-requests:phone>qpr-alex:phone>rapture:phone>friend-requests-menu:phone>switch-feeds:phone>game-feeds:phone>game-feeds-switch-feeds:phone>update-feeds-image:phone>update-feeds-linked:phone>feed-with-update:phone>game-feeds-2:phone>starrymatt-profile"/>
    <file name="friends-icon-2.png" crc="3859881402" ref="phone>homepage:phone>homepage-search:phone>homepage-menu:phone>friends:phone>friends-search:phone>friends-menu:phone>chat:phone>feeds:phone>games:phone>games-search:phone>games-menu:phone>update-feeds:phone>homepage-tutorial:phone>games-new:phone>games-new-menu:phone>games-new-search:phone>friend-requests:phone>qpr-alex:phone>rapture:phone>friend-requests-menu:phone>switch-feeds:phone>game-feeds:phone>game-feeds-switch-feeds:phone>update-feeds-image:phone>update-feeds-linked:phone>feed-with-update:phone>game-feeds-2:phone>starrymatt-profile"/>
    <file name="search icon 2.png" crc="4088918309" ref="phone>homepage:phone>homepage-menu:phone>friends:phone>friends-menu:phone>games:phone>games-menu:phone>homepage-tutorial:phone>games-new:phone>games-new-menu:phone>starrymatt22:phone>kingswag:phone>gamergod:phone>crazyhatguy:phone>stormtrooper1:phone>madalien:phone>killer-kitten:phone>itz-zack:phone>kitley:phone>ted:phone>friend-requests:phone>qpr-alex:phone>rapture:phone>friend-requests-menu:phone>ijordang4"/>
    <file name="search-icon-grey.png" crc="36580783" ref="phone>homepage-search:phone>friends-search:phone>games-search:phone>games:phone>games-new:phone>friends:phone>games-new-menu:phone>games-menu:phone>games-new-search:phone>starrymatt22:phone>kingswag:phone>gamergod:phone>crazyhatguy:phone>stormtrooper1:phone>madalien:phone>killer-kitten:phone>itz-zack:phone>kitley:phone>ted:phone>friend-requests:phone>qpr-alex:phone>rapture:phone>friends-menu:phone>friend-requests-menu:phone>ijordang4:phone>update-feeds-link-to-game:desktop-version-prototype"/>
    <file name="u1406-grad.png" crc="4231274013" ref="phone>register:phone>register2"/>
    <file name="u121-grad.png" crc="3775314814" ref="index:login"/>
    <file name="u424-grad.png" crc="239090012" ref="index:login"/>
    <file name="u303-grad.png" crc="4176950507" ref="index:login"/>
    <file name="u3463-17.png" crc="4169117112" ref="phone>friends-search"/>
    <file name="u3463-17-r.png" crc="4169117112" ref="phone>friends-search"/>
    <file name="u3463-17-m.png" crc="4169117112" ref="phone>friends-search"/>
    <file name="u3463-17-fs.png" crc="4169117112" ref="phone>friends-search"/>
    <file name="gamerscore icon.png" crc="4254614170" ref="phone>homepage:phone>homepage-search:phone>homepage-menu:phone>homepage-tutorial:phone>friends:phone>starrymatt22:phone>kingswag:phone>gamergod:phone>crazyhatguy:phone>stormtrooper1:phone>madalien:phone>killer-kitten:phone>itz-zack:phone>kitley:phone>ted:phone>friend-requests:phone>qpr-alex:phone>rapture:phone>friends-menu:phone>friend-requests-menu:phone>ijordang4:desktop-version-prototype:phone>create-message:phone>madalienxo-chat:phone>starrymatt-chat:phone>starrymatt-profile"/>
    <file name="burak image.jpg" crc="3844914221" ref="phone>update-feeds-camera-roll:desktop-version-prototype"/>
    <file name="u2021-grad.png" crc="4231274013" ref="phone>register3"/>
    <file name="down-arrow.png" crc="3991037998" ref="phone>feeds:phone>starrymatt22:phone>kingswag:phone>gamergod:phone>crazyhatguy:phone>stormtrooper1:phone>madalien:phone>killer-kitten:phone>itz-zack:phone>kitley:phone>ted:phone>switch-feeds:phone>game-feeds:phone>game-feeds-switch-feeds:phone>feed-with-update:phone>game-feeds-2"/>
    <file name="left-arrow-white.png" crc="4175594152" ref="phone>update-feeds:phone>game-feeds:phone>game-feeds-switch-feeds:phone>update-feeds-camera-roll:phone>update-feeds-image:phone>update-feeds-link-to-game:phone>update-feeds-linked:phone>game-feeds-2:phone>create-message:phone>type-message:phone>madalienxo-chat:phone>starrymatt-chat:phone>starrymatt-profile"/>
    <file name="slider 1.png" crc="113198975" ref="phone>homepage-tutorial"/>
    <file name="slider 2.png" crc="4136519597" ref="phone>homepage-tutorial"/>
    <file name="slider 3.png" crc="3814677377" ref="phone>homepage-tutorial"/>
    <file name="slider 4.png" crc="4003059860" ref="phone>homepage-tutorial"/>
    <file name="slider 5.png" crc="4239935885" ref="phone>homepage-tutorial"/>
    <file name="slider 6.png" crc="3856385576" ref="phone>homepage-tutorial"/>
    <file name="u4553-17.png" crc="4169117112" ref="phone>games"/>
    <file name="u4553-17-r.png" crc="4169117112" ref="phone>games"/>
    <file name="u4553-17-m.png" crc="4169117112" ref="phone>games"/>
    <file name="u4553-17-fs.png" crc="4169117112" ref="phone>games"/>
    <file name="u4564-grad.png" crc="4217071580" ref="phone>games-new-search:phone>games-search"/>
    <file name="fifa-15-image-ieu3914-fr.png" crc="3951338443" ref="phone>games-search"/>
    <file name="fifa-15-image.jpg" crc="4031019423" ref="phone>games:phone>games-menu:phone>games-search:phone>update-feeds-link-to-game:phone>game-feeds-2:phone>homepage:phone>homepage-tutorial:desktop-version-prototype:phone>homepage-menu:phone>homepage-search"/>
    <file name="gta-5-ieu4569-fr.png" crc="297601969" ref="phone>games-search"/>
    <file name="gta-5.jpg" crc="307100390" ref="phone>games:phone>games-menu:phone>games-search:phone>game-feeds:phone>game-feeds-switch-feeds:phone>update-feeds-link-to-game:phone>homepage:phone>homepage-tutorial:desktop-version-prototype:phone>homepage-menu:phone>homepage-search"/>
    <file name="farcry-4-ieu4571-fr.png" crc="120629979" ref="phone>games:phone>games-menu:phone>games-search:phone>update-feeds-link-to-game:phone>starrymatt-profile"/>
    <file name="farcry-4.jpg" crc="4118629750" ref="phone>games:phone>games-menu:phone>games-search:phone>update-feeds-link-to-game:phone>starrymatt-profile"/>
    <file name="--icon.png" crc="4102497174" ref="phone>games:phone>games-new:phone>games-new-menu:phone>games-menu:phone>games-new-search:phone>games-search:phone>update-feeds-link-to-game"/>
    <file name="destiny-ieu4573-fr.png" crc="4086982919" ref="phone>games:phone>games-menu:phone>games-search:phone>update-feeds-link-to-game"/>
    <file name="destiny.jpg" crc="250545623" ref="phone>games:phone>games-menu:phone>games-search:phone>update-feeds-link-to-game"/>
    <file name="cod-ieu4575-fr.png" crc="381107948" ref="phone>games:phone>games-menu:phone>games-search:phone>update-feeds-link-to-game"/>
    <file name="cod.jpg" crc="62836966" ref="phone>games:phone>games-menu:phone>games-search:phone>update-feeds-link-to-game"/>
    <file name="forza-ieu4577-fr.png" crc="135060022" ref="phone>games:phone>games-new-menu:phone>games-menu:phone>games-new-search:phone>games-search:phone>update-feeds-link-to-game:phone>games-new"/>
    <file name="forza.jpg" crc="536648841" ref="phone>games:phone>games-new:phone>games-new-menu:phone>games-menu:phone>games-new-search:phone>games-search:phone>update-feeds-link-to-game"/>
    <file name="witcher-ieu4579-fr.png" crc="10452764" ref="phone>games:phone>games-new-menu:phone>games-menu:phone>games-new-search:phone>games-search:phone>update-feeds-link-to-game:phone>games-new"/>
    <file name="witcher.jpg" crc="3776366849" ref="phone>games:phone>games-new:phone>games-new-menu:phone>games-menu:phone>games-new-search:phone>games-search:phone>update-feeds-link-to-game"/>
    <file name="borderlandshandsome-ieu4581-fr.png" crc="372108243" ref="phone>games:phone>games-new-menu:phone>games-menu:phone>games-new-search:phone>games-search:phone>update-feeds-link-to-game:phone>games-new:phone>starrymatt-profile"/>
    <file name="borderlandshandsome.jpg" crc="88457722" ref="phone>games:phone>games-new:phone>games-new-menu:phone>games-menu:phone>games-new-search:phone>games-search:phone>update-feeds-link-to-game:phone>starrymatt-profile"/>
    <file name="u4743-17.png" crc="4169117112" ref="phone>games-new"/>
    <file name="u4743-17-r.png" crc="4169117112" ref="phone>games-new"/>
    <file name="u4743-17-m.png" crc="4169117112" ref="phone>games-new"/>
    <file name="u4743-17-fs.png" crc="4169117112" ref="phone>games-new"/>
    <file name="battlefieldhardline-ieu4794-fr.png" crc="241444793" ref="phone>games-new:phone>games-new-search:phone>games-new-menu"/>
    <file name="battlefieldhardline.jpg" crc="3848678466" ref="phone>games-new:phone>games-new-menu:phone>games-new-search"/>
    <file name="evolve-ieu4733-fr.png" crc="4200191844" ref="phone>games-new:phone>games-new-search:phone>games-new-menu"/>
    <file name="evolve.jpg" crc="223046325" ref="phone>games-new:phone>games-new-menu:phone>games-new-search"/>
    <file name="tesogamepage-ieu4779-fr.png" crc="3899866425" ref="phone>games-new:phone>games-new-search:phone>games-new-menu"/>
    <file name="tesogamepage.jpg" crc="4250500538" ref="phone>games-new:phone>games-new-menu:phone>games-new-search"/>
    <file name="batman-ieu4767-fr.png" crc="4183353934" ref="phone>games-new:phone>games-new-search:phone>games-new-menu"/>
    <file name="batman.jpg" crc="4168172564" ref="phone>games-new:phone>games-new-menu:phone>games-new-search"/>
    <file name="happywars-ieu4765-fr.png" crc="3871602140" ref="phone>games-new:phone>games-new-search:phone>games-new-menu"/>
    <file name="happywars.jpg" crc="82064250" ref="phone>games-new:phone>games-new-menu:phone>games-new-search"/>
    <file name="u5364-17.png" crc="4169117112" ref="phone>friends"/>
    <file name="u5364-17-r.png" crc="4169117112" ref="phone>friends"/>
    <file name="u5364-17-m.png" crc="4169117112" ref="phone>friends"/>
    <file name="u5364-17-fs.png" crc="4169117112" ref="phone>friends"/>
    <file name="u5351-grad.png" crc="4105995220" ref="phone>friends:phone>games-new:phone>games-new-search:phone>madalien:phone>friends-menu:phone>friend-requests-menu:phone>starrymatt22:phone>kingswag:phone>gamergod:phone>crazyhatguy:phone>stormtrooper1:phone>killer-kitten:phone>itz-zack:phone>kitley:phone>ted:phone>games:phone>games-new-menu:phone>games-menu:phone>games-search:phone>update-feeds-link-to-game:phone>friend-requests:phone>qpr-alex:phone>rapture:phone>ijordang4"/>
    <file name="avatar.jpg" crc="4066883042" ref="phone>friends:phone>starrymatt22:phone>kingswag:phone>gamergod:phone>crazyhatguy:phone>stormtrooper1:phone>madalien:phone>killer-kitten:phone>itz-zack:phone>kitley:phone>ted:phone>friends-menu:phone>chat:phone>create-message:phone>starrymatt-chat:phone>starrymatt-profile"/>
    <file name="x kingswag x.jpg" crc="504723782" ref="phone>friends:phone>starrymatt22:phone>kingswag:phone>gamergod:phone>crazyhatguy:phone>stormtrooper1:phone>madalien:phone>killer-kitten:phone>itz-zack:phone>kitley:phone>ted:phone>friends-menu:phone>chat:phone>create-message"/>
    <file name="u4871-17.png" crc="4169117112" ref="phone>games-new-menu"/>
    <file name="u4871-17-r.png" crc="4169117112" ref="phone>games-new-menu"/>
    <file name="u4871-17-m.png" crc="4169117112" ref="phone>games-new-menu"/>
    <file name="u4871-17-fs.png" crc="4169117112" ref="phone>games-new-menu"/>
    <file name="u5040-17.png" crc="4169117112" ref="phone>games-menu"/>
    <file name="u5040-17-r.png" crc="4169117112" ref="phone>games-menu"/>
    <file name="u5040-17-m.png" crc="4169117112" ref="phone>games-menu"/>
    <file name="u5040-17-fs.png" crc="4169117112" ref="phone>games-menu"/>
    <file name="u5209-17.png" crc="4169117112" ref="phone>games-new-search"/>
    <file name="u5209-17-r.png" crc="4169117112" ref="phone>games-new-search"/>
    <file name="u5209-17-m.png" crc="4169117112" ref="phone>games-new-search"/>
    <file name="u5209-17-fs.png" crc="4169117112" ref="phone>games-new-search"/>
    <file name="u5095-17.png" crc="4169117112" ref="phone>games-new-search"/>
    <file name="u5095-17-r.png" crc="4169117112" ref="phone>games-new-search"/>
    <file name="u5095-17-m.png" crc="4169117112" ref="phone>games-new-search"/>
    <file name="u5095-17-fs.png" crc="4169117112" ref="phone>games-new-search"/>
    <file name="u5338-17.png" crc="4169117112" ref="phone>games-search"/>
    <file name="u5338-17-r.png" crc="4169117112" ref="phone>games-search"/>
    <file name="u5338-17-m.png" crc="4169117112" ref="phone>games-search"/>
    <file name="u5338-17-fs.png" crc="4169117112" ref="phone>games-search"/>
    <file name="u5288-17.png" crc="4169117112" ref="phone>games-search"/>
    <file name="u5288-17-r.png" crc="4169117112" ref="phone>games-search"/>
    <file name="u5288-17-m.png" crc="4169117112" ref="phone>games-search"/>
    <file name="u5288-17-fs.png" crc="4169117112" ref="phone>games-search"/>
    <file name="killerkitten52.jpg" crc="3870719856" ref="phone>friends:phone>killer-kitten:phone>friends-menu:phone>friend-requests-menu:phone>create-message"/>
    <file name="kitley.jpg" crc="341412157" ref="phone>friends:phone>kitley:phone>friends-menu:phone>friend-requests-menu:phone>create-message"/>
    <file name="itzzack.jpg" crc="79967790" ref="phone>friends:phone>itz-zack:phone>friends-menu:phone>friend-requests-menu:phone>create-message"/>
    <file name="ted.jpg" crc="133077341" ref="phone>friends:phone>ted:phone>friends-menu:phone>friend-requests-menu:phone>create-message"/>
    <file name="gamergod.jpg" crc="502432832" ref="phone>friends:phone>starrymatt22:phone>kingswag:phone>gamergod:phone>crazyhatguy:phone>stormtrooper1:phone>madalien:phone>killer-kitten:phone>itz-zack:phone>kitley:phone>ted:phone>qpr-alex:phone>rapture:phone>friends-menu:phone>friend-requests-menu:phone>chat:phone>create-message"/>
    <file name="mj.jpg" crc="3892662388" ref="phone>friends:phone>starrymatt22:phone>kingswag:phone>gamergod:phone>crazyhatguy:phone>stormtrooper1:phone>madalien:phone>killer-kitten:phone>itz-zack:phone>kitley:phone>ted:phone>qpr-alex:phone>rapture:phone>friends-menu:phone>friend-requests-menu:phone>chat:phone>create-message"/>
    <file name="alien.jpg" crc="536266183" ref="phone>friends:phone>madalien:phone>friends-menu:phone>friend-requests-menu:phone>create-message:phone>madalienxo-chat"/>
    <file name="stormtrooper1.jpg" crc="4179578444" ref="phone>friends:phone>starrymatt22:phone>kingswag:phone>gamergod:phone>crazyhatguy:phone>stormtrooper1:phone>madalien:phone>killer-kitten:phone>itz-zack:phone>kitley:phone>ted:phone>friends-menu:phone>friend-requests-menu"/>
    <file name="u5664-17.png" crc="4169117112" ref="phone>starrymatt22"/>
    <file name="u5664-17-r.png" crc="4169117112" ref="phone>starrymatt22"/>
    <file name="u5664-17-m.png" crc="4169117112" ref="phone>starrymatt22"/>
    <file name="u5664-17-fs.png" crc="4169117112" ref="phone>starrymatt22"/>
    <file name="u5724-17.png" crc="4169117112" ref="phone>kingswag"/>
    <file name="u5724-17-r.png" crc="4169117112" ref="phone>kingswag"/>
    <file name="u5724-17-m.png" crc="4169117112" ref="phone>kingswag"/>
    <file name="u5724-17-fs.png" crc="4169117112" ref="phone>kingswag"/>
    <file name="u5829-17.png" crc="4169117112" ref="phone>gamergod"/>
    <file name="u5829-17-r.png" crc="4169117112" ref="phone>gamergod"/>
    <file name="u5829-17-m.png" crc="4169117112" ref="phone>gamergod"/>
    <file name="u5829-17-fs.png" crc="4169117112" ref="phone>gamergod"/>
    <file name="u5941-17.png" crc="4169117112" ref="phone>crazyhatguy"/>
    <file name="u5941-17-r.png" crc="4169117112" ref="phone>crazyhatguy"/>
    <file name="u5941-17-m.png" crc="4169117112" ref="phone>crazyhatguy"/>
    <file name="u5941-17-fs.png" crc="4169117112" ref="phone>crazyhatguy"/>
    <file name="u6032-17.png" crc="4169117112" ref="phone>stormtrooper1"/>
    <file name="u6032-17-r.png" crc="4169117112" ref="phone>stormtrooper1"/>
    <file name="u6032-17-m.png" crc="4169117112" ref="phone>stormtrooper1"/>
    <file name="u6032-17-fs.png" crc="4169117112" ref="phone>stormtrooper1"/>
    <file name="u6165-17.png" crc="4169117112" ref="phone>madalien"/>
    <file name="u6165-17-r.png" crc="4169117112" ref="phone>madalien"/>
    <file name="u6165-17-m.png" crc="4169117112" ref="phone>madalien"/>
    <file name="u6165-17-fs.png" crc="4169117112" ref="phone>madalien"/>
    <file name="u6290-17.png" crc="4169117112" ref="phone>killer-kitten"/>
    <file name="u6290-17-r.png" crc="4169117112" ref="phone>killer-kitten"/>
    <file name="u6290-17-m.png" crc="4169117112" ref="phone>killer-kitten"/>
    <file name="u6290-17-fs.png" crc="4169117112" ref="phone>killer-kitten"/>
    <file name="u6361-17.png" crc="4169117112" ref="phone>itz-zack"/>
    <file name="u6361-17-r.png" crc="4169117112" ref="phone>itz-zack"/>
    <file name="u6361-17-m.png" crc="4169117112" ref="phone>itz-zack"/>
    <file name="u6361-17-fs.png" crc="4169117112" ref="phone>itz-zack"/>
    <file name="u6474-17.png" crc="4169117112" ref="phone>kitley"/>
    <file name="u6474-17-r.png" crc="4169117112" ref="phone>kitley"/>
    <file name="u6474-17-m.png" crc="4169117112" ref="phone>kitley"/>
    <file name="u6474-17-fs.png" crc="4169117112" ref="phone>kitley"/>
    <file name="u6566-17.png" crc="4169117112" ref="phone>ted"/>
    <file name="u6566-17-r.png" crc="4169117112" ref="phone>ted"/>
    <file name="u6566-17-m.png" crc="4169117112" ref="phone>ted"/>
    <file name="u6566-17-fs.png" crc="4169117112" ref="phone>ted"/>
    <file name="qpr alex.jpg" crc="143283873" ref="phone>friend-requests:phone>qpr-alex:phone>rapture:phone>friend-requests-menu:phone>update-feeds-camera-roll"/>
    <file name="rapture59.jpg" crc="4195542291" ref="phone>friend-requests:phone>qpr-alex:phone>rapture:phone>friend-requests-menu"/>
    <file name="u6899-17.png" crc="4169117112" ref="phone>qpr-alex"/>
    <file name="u6899-17-r.png" crc="4169117112" ref="phone>qpr-alex"/>
    <file name="u6899-17-m.png" crc="4169117112" ref="phone>qpr-alex"/>
    <file name="u6899-17-fs.png" crc="4169117112" ref="phone>qpr-alex"/>
    <file name="u6987-17.png" crc="4169117112" ref="phone>rapture"/>
    <file name="u6987-17-r.png" crc="4169117112" ref="phone>rapture"/>
    <file name="u6987-17-m.png" crc="4169117112" ref="phone>rapture"/>
    <file name="u6987-17-fs.png" crc="4169117112" ref="phone>rapture"/>
    <file name="mophead.jpg" crc="250663331" ref="phone>friend-requests"/>
    <file name="justcrackers.jpg" crc="4127388278" ref="phone>friend-requests"/>
    <file name="ispotmonkey.jpg" crc="426070867" ref="phone>friend-requests"/>
    <file name="bigfathippo.jpg" crc="3803485765" ref="phone>friend-requests"/>
    <file name="ijordan.jpg" crc="230824323" ref="phone>friend-requests:phone>ijordang4"/>
    <file name="r2uan.jpg" crc="4280101751" ref="phone>friend-requests"/>
    <file name="kiwi.jpg" crc="4283607556" ref="phone>friend-requests"/>
    <file name="swisslander.jpg" crc="220854093" ref="phone>friend-requests"/>
    <file name="u7147-17.png" crc="4169117112" ref="phone>friends-menu"/>
    <file name="u7147-17-r.png" crc="4169117112" ref="phone>friends-menu"/>
    <file name="u7147-17-m.png" crc="4169117112" ref="phone>friends-menu"/>
    <file name="u7147-17-fs.png" crc="4169117112" ref="phone>friends-menu"/>
    <file name="u7284-17.png" crc="4169117112" ref="phone>friend-requests-menu"/>
    <file name="u7284-17-r.png" crc="4169117112" ref="phone>friend-requests-menu"/>
    <file name="u7284-17-m.png" crc="4169117112" ref="phone>friend-requests-menu"/>
    <file name="u7284-17-fs.png" crc="4169117112" ref="phone>friend-requests-menu"/>
    <file name="u7480-17.png" crc="4169117112" ref="phone>ijordang4"/>
    <file name="u7480-17-r.png" crc="4169117112" ref="phone>ijordang4"/>
    <file name="u7480-17-m.png" crc="4169117112" ref="phone>ijordang4"/>
    <file name="u7480-17-fs.png" crc="4169117112" ref="phone>ijordang4"/>
    <file name="update-feeds.png" crc="254917885" ref="phone>feeds:phone>switch-feeds:phone>game-feeds:phone>game-feeds-switch-feeds:phone>feed-with-update:phone>game-feeds-2:phone>chat"/>
    <file name="avatar-u7603-fr.jpg" crc="166474540" ref="phone>feeds:phone>switch-feeds:phone>feed-with-update:phone>starrymatt-profile"/>
    <file name="replyicon.png" crc="45026278" ref="phone>feeds:phone>switch-feeds:phone>game-feeds:phone>game-feeds-switch-feeds:phone>feed-with-update:phone>game-feeds-2:phone>homepage:desktop-version-prototype:phone>starrymatt-profile:phone>homepage-menu:phone>homepage-search"/>
    <file name="star.png" crc="3877254992" ref="phone>feeds:phone>switch-feeds:phone>game-feeds:phone>game-feeds-switch-feeds:phone>feed-with-update:phone>game-feeds-2:phone>homepage:desktop-version-prototype:phone>starrymatt-profile:phone>homepage-menu:phone>homepage-search"/>
    <file name="share-icon.png" crc="3989906234" ref="phone>feeds:phone>switch-feeds:phone>game-feeds:phone>game-feeds-switch-feeds:phone>feed-with-update:phone>game-feeds-2:phone>homepage:desktop-version-prototype:phone>starrymatt-profile:phone>homepage-menu:phone>homepage-search"/>
    <file name="gamergod-u7657-fr.jpg" crc="443597985" ref="phone>feeds:phone>switch-feeds:phone>feed-with-update"/>
    <file name="x kingswag x-u7679-fr.jpg" crc="3819290325" ref="phone>feeds:phone>game-feeds-switch-feeds:phone>feed-with-update:phone>game-feeds"/>
    <file name="gta5 car.jpg" crc="328103772" ref="phone>feeds:phone>game-feeds:phone>game-feeds-switch-feeds:phone>feed-with-update"/>
    <file name="kitley-u7690-fr.jpg" crc="424056283" ref="phone>feeds:phone>feed-with-update:phone>game-feeds"/>
    <file name="u7980-grad.png" crc="490414362" ref="phone>game-feeds"/>
    <file name="right-arrow-white.png" crc="3954253558" ref="phone>game-feeds:phone>game-feeds-switch-feeds:phone>game-feeds-2"/>
    <file name="mophead-u7892-fr.jpg" crc="395983854" ref="phone>game-feeds:phone>game-feeds-switch-feeds:phone>game-feeds-2"/>
    <file name="r2uan-u8032-fr.jpg" crc="247032801" ref="phone>game-feeds:phone>game-feeds-2"/>
    <file name="radjump.jpg" crc="3791479479" ref="phone>game-feeds"/>
    <file name="justcrackers-u8114-fr.jpg" crc="374561542" ref="phone>game-feeds:phone>game-feeds-2"/>
    <file name="camera-icon.png" crc="3993613490" ref="phone>update-feeds:phone>update-feeds-image:phone>update-feeds-linked:phone>type-message:phone>madalienxo-chat:phone>starrymatt-chat"/>
    <file name="url.png" crc="4217073604" ref="phone>update-feeds:phone>update-feeds-image:phone>update-feeds-linked:phone>type-message:phone>madalienxo-chat:phone>starrymatt-chat"/>
    <file name="controller-black.png" crc="50793122" ref="phone>update-feeds:phone>update-feeds-image:phone>update-feeds-linked"/>
    <file name="u8311-17.png" crc="4169117112" ref="phone>update-feeds"/>
    <file name="u8311-17-r.png" crc="4169117112" ref="phone>update-feeds"/>
    <file name="u8311-17-m.png" crc="4169117112" ref="phone>update-feeds"/>
    <file name="u8311-17-fs.png" crc="4169117112" ref="phone>update-feeds"/>
    <file name="qpr alex-ieu6649-fr.png" crc="3835298465" ref="phone>friend-requests:phone>rapture:phone>qpr-alex:phone>friend-requests-menu"/>
    <file name="trabzon-u8439-fr.jpg" crc="4139541713" ref="phone>update-feeds-camera-roll"/>
    <file name="funny_dog_face.jpg" crc="404431841" ref="phone>update-feeds-camera-roll"/>
    <file name="funny-dog-picture.jpg" crc="409869917" ref="phone>update-feeds-camera-roll"/>
    <file name="radjump-u8443-fr.jpg" crc="4046279601" ref="phone>update-feeds-camera-roll"/>
    <file name="eso image.jpg" crc="224229119" ref="application-screen"/>
    <file name="gta5 car-u8444-fr.jpg" crc="4036278281" ref="phone>update-feeds-camera-roll"/>
    <file name="halo-u8447-fr.jpg" crc="374473764" ref="phone>update-feeds-camera-roll"/>
    <file name="u8496-17.png" crc="4169117112" ref="phone>update-feeds-image"/>
    <file name="u8496-17-r.png" crc="4169117112" ref="phone>update-feeds-image"/>
    <file name="u8496-17-m.png" crc="4169117112" ref="phone>update-feeds-image"/>
    <file name="u8496-17-fs.png" crc="4169117112" ref="phone>update-feeds-image"/>
    <file name="trabzon.jpg" crc="4206883750" ref="phone>update-feeds-image:phone>update-feeds-linked:phone>feed-with-update:phone>homepage:desktop-version-prototype:phone>homepage-menu:phone>homepage-search"/>
    <file name="u8831-17.png" crc="4169117112" ref="phone>update-feeds-link-to-game"/>
    <file name="u8831-17-r.png" crc="4169117112" ref="phone>update-feeds-link-to-game"/>
    <file name="u8831-17-m.png" crc="4169117112" ref="phone>update-feeds-link-to-game"/>
    <file name="u8831-17-fs.png" crc="4169117112" ref="phone>update-feeds-link-to-game"/>
    <file name="u8984-17.png" crc="4169117112" ref="phone>update-feeds-linked"/>
    <file name="u8984-17-r.png" crc="4169117112" ref="phone>update-feeds-linked"/>
    <file name="u8984-17-m.png" crc="4169117112" ref="phone>update-feeds-linked"/>
    <file name="u8984-17-fs.png" crc="4169117112" ref="phone>update-feeds-linked"/>
    <file name="recentlyfifa15.jpg" crc="144893263" ref="phone>homepage:phone>homepage-tutorial:desktop-version-prototype:phone>homepage-menu:phone>homepage-search"/>
    <file name="recentlygta.jpg" crc="4173077451" ref="phone>homepage:phone>homepage-tutorial:desktop-version-prototype:phone>homepage-menu:phone>homepage-search"/>
    <file name="recently farcry.jpg" crc="3889325856" ref="phone>homepage:phone>homepage-tutorial:desktop-version-prototype:phone>starrymatt-profile:phone>homepage-menu:phone>homepage-search"/>
    <file name="xblicon.png" crc="152066211" ref="phone>homepage:desktop-version-prototype:phone>starrymatt-profile:phone>homepage-menu:phone>homepage-search"/>
    <file name="youtubeicon.png" crc="4183022875" ref="phone>homepage:desktop-version-prototype:phone>starrymatt-profile:phone>homepage-menu:phone>homepage-search"/>
    <file name="twitter.png" crc="523270535" ref="phone>homepage:desktop-version-prototype:phone>starrymatt-profile:phone>homepage-menu:phone>homepage-search"/>
    <file name="burak image-u9414-fr.jpg" crc="3760348041" ref="phone>homepage:phone>update-feeds-image:phone>update-feeds-linked:desktop-version-prototype:phone>feed-with-update:phone>homepage-menu:phone>homepage-search"/>
    <file name="u9371-grad.png" crc="4217071580" ref="phone>homepage:phone>homepage-tutorial:desktop-version-prototype:phone>games:phone>games-new:phone>games-new-menu:phone>games-menu:phone>update-feeds-link-to-game:phone>starrymatt-profile:phone>homepage-menu:phone>homepage-search"/>
    <file name="fifa-15-image-ieu9373-fr.png" crc="3951338443" ref="phone>homepage:phone>homepage-tutorial:desktop-version-prototype:phone>games:phone>games-menu:phone>update-feeds-link-to-game:phone>homepage-menu:phone>homepage-search"/>
    <file name="gta-5-ieu9374-fr.png" crc="297601969" ref="phone>homepage:phone>homepage-tutorial:desktop-version-prototype:phone>games:phone>games-menu:phone>update-feeds-link-to-game:phone>homepage-menu:phone>homepage-search"/>
    <file name="burak image-u9336-fr.jpg" crc="4190890346" ref="phone>homepage:phone>homepage-tutorial:phone>homepage-menu:phone>homepage-search"/>
    <file name="eso image-u8446-fr.jpg" crc="138072038" ref="phone>update-feeds-camera-roll"/>
    <file name="desktopcommunity.jpg" crc="147577008" ref="index:login"/>
    <file name="desktopprofile.jpg" crc="264604489" ref="index:login"/>
    <file name="desktopgamingmoments.jpg" crc="69565617" ref="index:login"/>
    <file name="desktopgamesdatabase.jpg" crc="4291001384" ref="index:login"/>
    <file name="eso image man.png" crc="3948189222" ref="application-screen"/>
    <file name="windowsphone-u9720.png" crc="4083188301" ref="application-screen"/>
    <file name="iphone-6-u9819.png" crc="4070113523" ref="application-screen"/>
    <file name="friendsslider.jpg" crc="324551158" ref="application-screen"/>
    <file name="gamefeedsslider.jpg" crc="4061102041" ref="application-screen"/>
    <file name="newgamesslider.jpg" crc="3809020726" ref="application-screen"/>
    <file name="profileslider.jpg" crc="3967892661" ref="application-screen"/>
    <file name="download-on-apple-store.jpg" crc="3771265547" ref="application-screen"/>
    <file name="get-it-on-google-play.png" crc="4251620095" ref="application-screen"/>
    <file name="u9942-a-grad.png" crc="250331638" ref="desktop-version-prototype"/>
    <file name="u9936-17.png" crc="4169117112" ref="desktop-version-prototype"/>
    <file name="u9936-17-r.png" crc="4169117112" ref="desktop-version-prototype"/>
    <file name="u9936-17-m.png" crc="4169117112" ref="desktop-version-prototype"/>
    <file name="u9936-17-fs.png" crc="4169117112" ref="desktop-version-prototype"/>
    <file name="twitch.png" crc="160030790" ref="phone>homepage:phone>starrymatt-profile:phone>homepage-menu:phone>homepage-search"/>
    <file name="u9187-grad.png" crc="291067994" ref="phone>game-feeds-2"/>
    <file name="u9267-grad.png" crc="3867678754" ref="phone>game-feeds-2"/>
    <file name="bigfathippo-u9268-fr.jpg" crc="234329694" ref="phone>game-feeds-2"/>
    <file name="ultimateteam.jpg" crc="460328893" ref="phone>game-feeds-2"/>
    <file name="liamprofile.jpg" crc="3861759116" ref="phone>game-feeds-2"/>
    <file name="bolasieinpack.jpg" crc="3910342658" ref="phone>game-feeds-2"/>
    <file name="u10540-17.png" crc="4169117112" ref="phone>type-message"/>
    <file name="u10540-17-r.png" crc="4169117112" ref="phone>type-message"/>
    <file name="u10540-17-m.png" crc="4169117112" ref="phone>type-message"/>
    <file name="u10540-17-fs.png" crc="4169117112" ref="phone>type-message"/>
    <file name="burak image-u10645-fr.jpg" crc="4256766268" ref="phone>madalienxo-chat"/>
    <file name="u10644-grad.png" crc="3814130125" ref="phone>madalienxo-chat"/>
    <file name="alien-u10661-fr.jpg" crc="3967785863" ref="phone>madalienxo-chat"/>
    <file name="u10689-17.png" crc="4169117112" ref="phone>madalienxo-chat"/>
    <file name="u10689-17-r.png" crc="4169117112" ref="phone>madalienxo-chat"/>
    <file name="u10689-17-m.png" crc="4169117112" ref="phone>madalienxo-chat"/>
    <file name="u10689-17-fs.png" crc="4169117112" ref="phone>madalienxo-chat"/>
    <file name="burak image-u8292-fr.jpg" crc="3760348041" ref="phone>update-feeds"/>
    <file name="u10714-17.png" crc="4169117112" ref="phone>friend-requests"/>
    <file name="u10714-17-r.png" crc="4169117112" ref="phone>friend-requests"/>
    <file name="u10714-17-m.png" crc="4169117112" ref="phone>friend-requests"/>
    <file name="u10714-17-fs.png" crc="4169117112" ref="phone>friend-requests"/>
    <file name="avatar-u10762-fr.jpg" crc="4110178879" ref="phone>starrymatt-chat"/>
    <file name="u10738-17.png" crc="4169117112" ref="phone>starrymatt-chat"/>
    <file name="u10738-17-r.png" crc="4169117112" ref="phone>starrymatt-chat"/>
    <file name="u10738-17-m.png" crc="4169117112" ref="phone>starrymatt-chat"/>
    <file name="u10738-17-fs.png" crc="4169117112" ref="phone>starrymatt-chat"/>
    <file name="recently dragonball.jpg" crc="4034363478" ref="phone>starrymatt-profile"/>
    <file name="recently farmingsim.jpg" crc="4179055158" ref="phone>starrymatt-profile"/>
    <file name="recently borderlands.jpg" crc="4129290484" ref="phone>starrymatt-profile"/>
    <file name="u8151-grad.png" crc="3818502886" ref="phone>game-feeds-switch-feeds"/>
    <file name="u8231-grad.png" crc="536339777" ref="phone>game-feeds-switch-feeds"/>
    <file name="u11206-17.png" crc="4169117112" ref="phone>homepage-search"/>
    <file name="u11206-17-r.png" crc="4169117112" ref="phone>homepage-search"/>
    <file name="u11206-17-m.png" crc="4169117112" ref="phone>homepage-search"/>
    <file name="u11206-17-fs.png" crc="4169117112" ref="phone>homepage-search"/>
  </folder>
  <folder name="phone">
    <folder name="css">
      <file name="signup.css" crc="4094661926" ref="phone>signup"/>
      <file name="iefonts_signup.css" crc="521385080" ref="phone>signup"/>
      <file name="index.css" crc="3878822637" ref="phone>index"/>
      <file name="iefonts_index.css" crc="218224179" ref="phone>index"/>
      <file name="login.css" crc="3989444032" ref="phone>login"/>
      <file name="iefonts_login.css" crc="497673316" ref="phone>login"/>
      <file name="homepage.css" crc="3911054237" ref="phone>homepage"/>
      <file name="register.css" crc="52096890" ref="phone>register"/>
      <file name="iefonts_register.css" crc="3966036920" ref="phone>register"/>
      <file name="register2.css" crc="132721801" ref="phone>register2"/>
      <file name="iefonts_homepage.css" crc="292338920" ref="phone>homepage"/>
      <file name="iefonts_register2.css" crc="3933365947" ref="phone>register2"/>
      <file name="register3.css" crc="4190720886" ref="phone>register3"/>
      <file name="iefonts_register3.css" crc="3883043989" ref="phone>register3"/>
      <file name="homepage-search.css" crc="4177517057" ref="phone>homepage-search"/>
      <file name="iefonts_homepage-search.css" crc="24850304" ref="phone>homepage-search"/>
      <file name="homepage-menu.css" crc="3759470728" ref="phone>homepage-menu"/>
      <file name="iefonts_homepage-menu.css" crc="499012870" ref="phone>homepage-menu"/>
      <file name="friends-search.css" crc="4044415574" ref="phone>friends-search"/>
      <file name="iefonts_friends-search.css" crc="3895978013" ref="phone>friends-search"/>
      <file name="friends.css" crc="4214820033" ref="phone>friends"/>
      <file name="iefonts_friends.css" crc="107955905" ref="phone>friends"/>
      <file name="friends-menu.css" crc="498073819" ref="phone>friends-menu"/>
      <file name="iefonts_friends-menu.css" crc="218139140" ref="phone>friends-menu"/>
      <file name="games-menu.css" crc="391024369" ref="phone>games-menu"/>
      <file name="iefonts_games-menu.css" crc="4263138578" ref="phone>games-menu"/>
      <file name="feeds.css" crc="4117579605" ref="phone>feeds"/>
      <file name="iefonts_feeds.css" crc="277838194" ref="phone>feeds"/>
      <file name="games-search.css" crc="512125190" ref="phone>games-search"/>
      <file name="iefonts_games-search.css" crc="3995988185" ref="phone>games-search"/>
      <file name="games.css" crc="4223624559" ref="phone>games"/>
      <file name="iefonts_games.css" crc="275263441" ref="phone>games"/>
      <file name="chat.css" crc="62834339" ref="phone>chat"/>
      <file name="iefonts_chat.css" crc="4122462351" ref="phone>chat"/>
      <file name="update-feeds.css" crc="325966121" ref="phone>update-feeds"/>
      <file name="iefonts_update-feeds.css" crc="4094438169" ref="phone>update-feeds"/>
      <file name="homepage-tutorial.css" crc="531095996" ref="phone>homepage-tutorial"/>
      <file name="iefonts_homepage-tutorial.css" crc="4154343897" ref="phone>homepage-tutorial"/>
      <file name="games-new.css" crc="4118250112" ref="phone>games-new"/>
      <file name="iefonts_games-new.css" crc="3816644045" ref="phone>games-new"/>
      <file name="games-new-menu.css" crc="3767116683" ref="phone>games-new-menu"/>
      <file name="iefonts_games-new-menu.css" crc="3921135434" ref="phone>games-new-menu"/>
      <file name="games-new-search.css" crc="3796402509" ref="phone>games-new-search"/>
      <file name="iefonts_games-new-search.css" crc="363924167" ref="phone>games-new-search"/>
      <file name="starrymatt22.css" crc="79396712" ref="phone>starrymatt22"/>
      <file name="iefonts_starrymatt22.css" crc="3922415646" ref="phone>starrymatt22"/>
      <file name="crazyhatguy.css" crc="31697562" ref="phone>crazyhatguy"/>
      <file name="iefonts_crazyhatguy.css" crc="414210531" ref="phone>crazyhatguy"/>
      <file name="gamergod.css" crc="264909725" ref="phone>gamergod"/>
      <file name="iefonts_gamergod.css" crc="175662652" ref="phone>gamergod"/>
      <file name="kingswag.css" crc="196539539" ref="phone>kingswag"/>
      <file name="iefonts_kingswag.css" crc="279292056" ref="phone>kingswag"/>
      <file name="stormtrooper1.css" crc="4039514477" ref="phone>stormtrooper1"/>
      <file name="iefonts_stormtrooper1.css" crc="4006161356" ref="phone>stormtrooper1"/>
      <file name="itz-zack.css" crc="4091094631" ref="phone>itz-zack"/>
      <file name="iefonts_itz-zack.css" crc="4162853916" ref="phone>itz-zack"/>
      <file name="madalien.css" crc="211687873" ref="phone>madalien"/>
      <file name="iefonts_madalien.css" crc="3818202109" ref="phone>madalien"/>
      <file name="ted.css" crc="263281792" ref="phone>ted"/>
      <file name="iefonts_ted.css" crc="4002171287" ref="phone>ted"/>
      <file name="killer-kitten.css" crc="4175581133" ref="phone>killer-kitten"/>
      <file name="iefonts_killer-kitten.css" crc="3921157835" ref="phone>killer-kitten"/>
      <file name="kitley.css" crc="209983840" ref="phone>kitley"/>
      <file name="iefonts_kitley.css" crc="3928148886" ref="phone>kitley"/>
      <file name="friend-requests.css" crc="3866296741" ref="phone>friend-requests"/>
      <file name="iefonts_friend-requests.css" crc="237085789" ref="phone>friend-requests"/>
      <file name="rapture.css" crc="419027672" ref="phone>rapture"/>
      <file name="iefonts_rapture.css" crc="242404787" ref="phone>rapture"/>
      <file name="qpr-alex.css" crc="4238460453" ref="phone>qpr-alex"/>
      <file name="iefonts_qpr-alex.css" crc="3776093672" ref="phone>qpr-alex"/>
      <file name="ijordang4.css" crc="356188830" ref="phone>ijordang4"/>
      <file name="iefonts_ijordang4.css" crc="4135050638" ref="phone>ijordang4"/>
      <file name="friend-requests-menu.css" crc="4081806183" ref="phone>friend-requests-menu"/>
      <file name="iefonts_friend-requests-menu.css" crc="4012438141" ref="phone>friend-requests-menu"/>
      <file name="game-feeds.css" crc="4206960590" ref="phone>game-feeds"/>
      <file name="iefonts_game-feeds.css" crc="3870983238" ref="phone>game-feeds"/>
      <file name="switch-feeds.css" crc="53516669" ref="phone>switch-feeds"/>
      <file name="iefonts_switch-feeds.css" crc="3855137155" ref="phone>switch-feeds"/>
      <file name="game-feeds-switch-feeds.css" crc="4010783957" ref="phone>game-feeds-switch-feeds"/>
      <file name="iefonts_game-feeds-switch-feeds.css" crc="12915230" ref="phone>game-feeds-switch-feeds"/>
      <file name="update-feeds-camera-roll.css" crc="3962690416" ref="phone>update-feeds-camera-roll"/>
      <file name="update-feeds-image.css" crc="421124589" ref="phone>update-feeds-image"/>
      <file name="iefonts_update-feeds-image.css" crc="4285797283" ref="phone>update-feeds-image"/>
      <file name="update-feeds-linked.css" crc="190933286" ref="phone>update-feeds-linked"/>
      <file name="iefonts_update-feeds-linked.css" crc="466956276" ref="phone>update-feeds-linked"/>
      <file name="feed-with-update.css" crc="3788108978" ref="phone>feed-with-update"/>
      <file name="iefonts_feed-with-update.css" crc="4015247107" ref="phone>feed-with-update"/>
      <file name="update-feeds-link-to-game.css" crc="97768042" ref="phone>update-feeds-link-to-game"/>
      <file name="iefonts_update-feeds-link-to-game.css" crc="117151583" ref="phone>update-feeds-link-to-game"/>
      <file name="game-feeds-2.css" crc="4239917239" ref="phone>game-feeds-2"/>
      <file name="iefonts_game-feeds-2.css" crc="258669024" ref="phone>game-feeds-2"/>
      <file name="type-message.css" crc="3891854961" ref="phone>type-message"/>
      <file name="iefonts_type-message.css" crc="34755897" ref="phone>type-message"/>
      <file name="create-message.css" crc="3934103207" ref="phone>create-message"/>
      <file name="iefonts_create-message.css" crc="411134274" ref="phone>create-message"/>
      <file name="madalienxo-chat.css" crc="4021176675" ref="phone>madalienxo-chat"/>
      <file name="iefonts_madalienxo-chat.css" crc="4044651191" ref="phone>madalienxo-chat"/>
      <file name="starrymatt-chat.css" crc="3960940297" ref="phone>starrymatt-chat"/>
      <file name="iefonts_starrymatt-chat.css" crc="440341555" ref="phone>starrymatt-chat"/>
      <file name="starrymatt-profile.css" crc="3801894895" ref="phone>starrymatt-profile"/>
      <file name="iefonts_starrymatt-profile.css" crc="19583334" ref="phone>starrymatt-profile"/>
    </folder>
    <file name="index.html" crc="3839615507" mt="1432561280413" redirect="true"/>
    <file name="signup.html" crc="3787108692" mt="1432561122753" redirect="true"/>
    <file name="login.html" crc="318675876" mt="1432765778088" redirect="true"/>
    <file name="register.html" crc="4099344137" mt="1432560761983" redirect="true"/>
    <file name="register2.html" crc="3791808157" mt="1432560700720" redirect="true"/>
    <file name="homepage.html" crc="464869071" mt="1433242321273" redirect="true"/>
    <file name="register3.html" crc="356717836" mt="1433101565221" redirect="true"/>
    <file name="homepage-search.html" crc="186762314" mt="1433242279921" redirect="true"/>
    <file name="homepage-menu.html" crc="204849932" mt="1433242378749" redirect="true"/>
    <file name="friends.html" crc="3816036920" mt="1433242245042" redirect="true"/>
    <file name="friends-search.html" crc="3888456829" mt="1432573328341" redirect="true"/>
    <file name="friends-menu.html" crc="310215211" mt="1433242245034" redirect="true"/>
    <file name="chat.html" crc="3870535784" mt="1433241860402" redirect="true"/>
    <file name="feeds.html" crc="3831396591" mt="1433241860407" redirect="true"/>
    <file name="games.html" crc="3843357345" mt="1433242245039" redirect="true"/>
    <file name="games-search.html" crc="4010082887" mt="1433187296962" redirect="true"/>
    <file name="games-menu.html" crc="3913089353" mt="1433242245072" redirect="true"/>
    <file name="update-feeds.html" crc="456448750" mt="1433186486998" redirect="true"/>
    <file name="homepage-tutorial.html" crc="4065646892" mt="1433242245077" redirect="true"/>
    <file name="games-new.html" crc="146629949" mt="1433242245061" redirect="true"/>
    <file name="games-new-menu.html" crc="395916620" mt="1433242245055" redirect="true"/>
    <file name="games-new-search.html" crc="3826422054" mt="1433187296971" redirect="true"/>
    <file name="starrymatt22.html" crc="3885414286" mt="1433242245076" redirect="true"/>
    <file name="kingswag.html" crc="468254781" mt="1433242245044" redirect="true"/>
    <file name="gamergod.html" crc="3855067643" mt="1433242245030" redirect="true"/>
    <file name="crazyhatguy.html" crc="3910551090" mt="1433242245068" redirect="true"/>
    <file name="stormtrooper1.html" crc="434170462" mt="1433242245066" redirect="true"/>
    <file name="madalien.html" crc="497570212" mt="1433242245032" redirect="true"/>
    <file name="killer-kitten.html" crc="17549259" mt="1433242245079" redirect="true"/>
    <file name="itz-zack.html" crc="3824655158" mt="1433242245041" redirect="true"/>
    <file name="kitley.html" crc="4247942613" mt="1433242245057" redirect="true"/>
    <file name="ted.html" crc="4212349934" mt="1433242245052" redirect="true"/>
    <file name="friend-requests.html" crc="244527499" mt="1433242245049" redirect="true"/>
    <file name="qpr-alex.html" crc="3785239667" mt="1433242245070" redirect="true"/>
    <file name="rapture.html" crc="4277911264" mt="1433242245036" redirect="true"/>
    <file name="friend-requests-menu.html" crc="24878772" mt="1433242245063" redirect="true"/>
    <file name="ijordang4.html" crc="338353836" mt="1433242245046" redirect="true"/>
    <file name="switch-feeds.html" crc="4232810677" mt="1433241860351" redirect="true"/>
    <file name="game-feeds.html" crc="4194208891" mt="1433241860427" redirect="true"/>
    <file name="game-feeds-switch-feeds.html" crc="3859101216" mt="1433241860356" redirect="true"/>
    <file name="update-feeds-camera-roll.html" crc="3870971310" mt="1433164484195" redirect="true"/>
    <file name="update-feeds-image.html" crc="79314449" mt="1433164484207" redirect="true"/>
    <file name="update-feeds-link-to-game.html" crc="380762698" mt="1433241860431" redirect="true"/>
    <file name="update-feeds-linked.html" crc="4146500694" mt="1433164484215" redirect="true"/>
    <file name="feed-with-update.html" crc="520598716" mt="1433241860344" redirect="true"/>
    <file name="game-feeds-2.html" crc="4133192062" mt="1433241860418" redirect="true"/>
    <file name="create-message.html" crc="3773194103" mt="1433241860435" redirect="true"/>
    <file name="type-message.html" crc="40821164" mt="1433241860377" redirect="true"/>
    <file name="madalienxo-chat.html" crc="3927369975" mt="1433241860375" redirect="true"/>
    <file name="starrymatt-chat.html" crc="3776096477" mt="1433241860385" redirect="true"/>
    <file name="starrymatt-profile.html" crc="377891396" mt="1433241860387" redirect="true"/>
  </folder>
  <file name="index.html" crc="402380393" mt="1433241650594" redirect="true"/>
  <file name="sign-up-1.html" crc="3872836320" mt="1432031143456" redirect="true"/>
  <file name="login.html" crc="235824433" mt="1433241663897" redirect="true"/>
  <file name="homedesktop.html" crc="4052222755" mt="1432031507625" redirect="true"/>
  <file name="application-screen.html" crc="12960214" mt="1433242783458" redirect="true"/>
  <file name="desktop-version-prototype.html" crc="68676090" mt="1433195579602" redirect="true"/>
</manifest>